learning_rate,hidden_layers,hidden_neurons,train_mean,train_std,val_mean,val_std,test_mean,test_std,param_count
0.009999999776483,1,25,1.16562497615814,0.056260716170073,1.16526460647583,0.056358866393566,1.16641795635223,0.05554324015975,732
0.009999999776483,1,50,0.717159450054169,0.041385274380446,0.716903686523438,0.041467893868685,0.715752303600311,0.041767422109842,1457
0.009999999776483,1,100,0.455113649368286,0.025938633829355,0.454882204532623,0.027373937889934,0.452500969171524,0.027530314400792,2907
0.009999999776483,1,150,0.349382221698761,0.023201834410429,0.349089831113815,0.02327230386436,0.347014635801315,0.022120723500848,4357
0.009999999776483,1,200,0.311917215585709,0.015470398589969,0.311669141054153,0.015725608915091,0.309449166059494,0.01651175506413,5807
0.009999999776483,1,250,0.307885468006134,0.022833229973912,0.307573229074478,0.021994901821017,0.305181682109833,0.020997894927859,7257
0.009999999776483,1,300,0.290409058332443,0.011695011518896,0.289997786283493,0.012121086008847,0.287642121315002,0.010690676048398,8707
0.009999999776483,1,350,0.282218217849731,0.026280792430043,0.282003968954086,0.026767997071147,0.280358701944351,0.024620352312923,10157
0.009999999776483,1,400,0.284603089094162,0.035782657563686,0.283857077360153,0.03370438888669,0.281439930200577,0.035590246319771,11607
0.009999999776483,1,450,0.267386049032211,0.028749503195286,0.267088890075684,0.028206696733832,0.264922112226486,0.027443561702967,13057
0.009999999776483,1,500,0.27251410484314,0.036575902253389,0.272096246480942,0.036949906498194,0.269175857305527,0.034937493503094,14507
0.009999999776483,2,25,0.734353184700012,0.058501191437245,0.733830690383911,0.059064697474241,0.731341898441315,0.056818708777428,1382
0.009999999776483,2,50,0.378971964120865,0.044765580445528,0.378266245126724,0.044835701584816,0.375742763280869,0.044068466871977,4007
0.009999999776483,2,100,0.240919947624207,0.0341573394835,0.239801034331322,0.03433907777071,0.23804147541523,0.032800819724798,13007
0.009999999776483,2,150,0.218382522463799,0.033278685063124,0.217841774225235,0.033046934753656,0.213814407587051,0.029478510841727,27007
0.009999999776483,2,200,0.190040424466133,0.038099113851786,0.190215498209,0.039223682135344,0.187841832637787,0.035940162837505,46007
0.009999999776483,2,250,0.172032341361046,0.035004064440727,0.171930119395256,0.034899063408375,0.169524773955345,0.033909946680069,70007
0.009999999776483,2,300,0.159453973174095,0.025517135858536,0.159419611096382,0.024369716644287,0.158738508820534,0.025748267769814,99007
0.009999999776483,2,350,0.151949778199196,0.03751653060317,0.152544036507607,0.037059724330902,0.151247754693031,0.036832049489021,133007
0.009999999776483,2,400,0.146528229117394,0.036536946892738,0.147329092025757,0.036649480462074,0.146821260452271,0.037646427750588,172007
0.009999999776483,2,450,0.13775472342968,0.020596988499165,0.139331176877022,0.020421128720045,0.140344604849815,0.024053396657109,216007
0.009999999776483,2,500,0.124159313738346,0.021427756175399,0.12577897310257,0.020816205069423,0.125775918364525,0.022609220817685,265007
0.009999999776483,3,25,0.744917511940002,0.116811990737915,0.743963301181793,0.117091454565525,0.741835713386536,0.119669958949089,2032
0.009999999776483,3,50,0.358888953924179,0.090634785592556,0.358367592096329,0.090189322829247,0.355826914310455,0.090081289410591,6557
0.009999999776483,3,100,0.248550415039062,0.108748979866505,0.248015716671944,0.108489699661732,0.246710419654846,0.110074110329151,23107
0.009999999776483,3,150,0.190374150872231,0.042214434593916,0.190301060676575,0.042946323752403,0.188586339354515,0.041529528796673,49657
0.009999999776483,3,200,0.150503993034363,0.020237322896719,0.150628194212914,0.019473785534501,0.149412453174591,0.021370518952608,86207
0.009999999776483,3,250,0.148976400494576,0.02112234942615,0.149223878979683,0.020674005150795,0.147899195551872,0.019616976380348,132757
0.009999999776483,3,300,0.167066961526871,0.085551045835018,0.16862790286541,0.085215844213963,0.166668519377708,0.089318156242371,189307
0.009999999776483,3,350,0.131224796175957,0.019400956109166,0.132515951991081,0.01943445764482,0.133245810866356,0.020597215741873,255857
0.009999999776483,3,400,0.183228060603142,0.124545037746429,0.185385122895241,0.124379150569439,0.183609127998352,0.122517965734005,332407
0.009999999776483,3,450,0.16891510784626,0.057236753404141,0.171751424670219,0.058561246842146,0.171552926301956,0.055735524743795,418957
0.009999999776483,3,500,0.138909205794334,0.063733115792275,0.141090050339699,0.064128294587135,0.140293791890144,0.063270047307015,515507
0.009999999776483,4,25,0.695388197898865,0.123035378754139,0.694635331630707,0.123786054551601,0.692045867443085,0.121001452207565,2682
0.009999999776483,4,50,0.360967397689819,0.137367889285088,0.360166072845459,0.137042239308357,0.356805175542831,0.137560591101646,9107
0.009999999776483,4,100,0.217116981744766,0.092463292181492,0.216880276799202,0.092687584459782,0.214312434196472,0.091551765799522,33207
0.009999999776483,4,150,0.198018744587898,0.06325263530016,0.198260769248009,0.063781894743443,0.197333693504334,0.065625384449959,72307
0.009999999776483,4,200,0.231820106506348,0.116462796926498,0.232305318117142,0.115718372166157,0.229996830224991,0.116642311215401,126407
0.009999999776483,4,250,0.181934222579002,0.078985340893269,0.18273638188839,0.079120859503746,0.183620631694794,0.079384788870812,195507
0.009999999776483,4,300,0.194873079657555,0.089818887412548,0.195178657770157,0.088744044303894,0.193718552589417,0.088720574975014,279607
0.009999999776483,4,350,0.251641243696213,0.276060104370117,0.25210103392601,0.274086564779282,0.252683848142624,0.284901887178421,378707
0.009999999776483,4,400,0.163698062300682,0.044165592640638,0.164226159453392,0.042867369949818,0.163269504904747,0.043632779270411,492807
0.009999999776483,4,450,0.173983126878738,0.059308800846338,0.174654886126518,0.05837057158351,0.173524603247643,0.056719224900007,621907
0.009999999776483,4,500,0.170034527778626,0.076927788555622,0.170698568224907,0.076540619134903,0.169143915176392,0.07943769544363,766007
0.009999999776483,5,25,0.736859500408173,0.190851747989655,0.735909163951874,0.190391480922699,0.733496785163879,0.197028309106827,3332
0.009999999776483,5,50,0.351144552230835,0.104738548398018,0.35067293047905,0.104316830635071,0.346897333860397,0.102556392550468,11657
0.009999999776483,5,100,0.248177096247673,0.10978989303112,0.247952654957771,0.110253803431988,0.244475558400154,0.108765177428722,43307
0.009999999776483,5,150,0.19434380531311,0.102807655930519,0.194710746407509,0.101871728897095,0.192496806383133,0.103568844497204,94957
0.009999999776483,5,200,0.184008702635765,0.039156444370747,0.184163674712181,0.039112735539675,0.181914880871773,0.037626653909683,166607
0.009999999776483,5,250,0.213584095239639,0.102940693497658,0.214089900255203,0.102666594088078,0.211406379938126,0.099468603730202,258257
0.009999999776483,5,300,0.172611519694328,0.036449071019888,0.173496201634407,0.036236695945263,0.171023651957512,0.039252899587154,369907
0.009999999776483,5,350,0.205090329051018,0.082153879106045,0.205844551324844,0.081212744116783,0.203915193676949,0.07984358817339,501557
0.009999999776483,5,400,0.17487533390522,0.032608930021525,0.176344200968742,0.032249178737402,0.174087509512901,0.030699480324984,653207
0.009999999776483,5,450,0.190158277750015,0.04932701215148,0.190078511834145,0.04857063293457,0.18462161719799,0.04926485568285,824857
0.009999999776483,5,500,0.231595039367676,0.115572050213814,0.23206739127636,0.114363268017769,0.23204879462719,0.118810728192329,1016507
0.050000000745058,1,25,1.21897232532501,0.067929528653622,1.21832311153412,0.068291686475277,1.2197824716568,0.069253668189049,732
0.050000000745058,1,50,0.807818830013275,0.082271784543991,0.80720865726471,0.082545332610607,0.808813035488129,0.084488444030285,1457
0.050000000745058,1,100,0.55783611536026,0.164288133382797,0.556221485137939,0.160765990614891,0.551886677742004,0.152014061808586,2907
0.050000000745058,1,150,0.326718837022781,0.043043736368418,0.325632750988007,0.04348112270236,0.323999553918838,0.042580652981997,4357
0.050000000745058,1,200,0.299227207899094,0.058401390910149,0.299135953187943,0.058898583054543,0.297000616788864,0.055576823651791,5807
0.050000000745058,1,250,0.390782475471497,0.257759571075439,0.384013742208481,0.244418427348137,0.397672921419144,0.268328934907913,7257
0.050000000745058,1,300,0.267232418060303,0.065644487738609,0.264894545078278,0.060657326132059,0.256355732679367,0.047155622392893,8707
0.050000000745058,1,350,0.255661070346832,0.058300636708737,0.254773110151291,0.058260340243578,0.252192825078964,0.058729466050863,10157
0.050000000745058,1,400,0.292998611927032,0.058194767683745,0.293313980102539,0.058653503656387,0.288200587034225,0.061650954186916,11607
0.050000000745058,1,450,0.251745283603668,0.023382524028421,0.251313596963882,0.022770833224058,0.246768355369568,0.023543938994408,13057
0.050000000745058,1,500,0.27933007478714,0.04761516302824,0.278605729341507,0.047714952379465,0.276558935642242,0.05059165880084,14507
0.050000000745058,2,25,0.764865338802338,0.077483877539635,0.763409316539764,0.077477902173996,0.7623490691185,0.078558579087257,1382
0.050000000745058,2,50,0.417868107557297,0.085610151290894,0.419104903936386,0.089944705367088,0.416999578475952,0.082287974655628,4007
0.050000000745058,2,100,0.308899223804474,0.080067932605743,0.308752983808517,0.0804722905159,0.304647654294968,0.073574520647526,13007
0.050000000745058,2,150,0.304895162582397,0.097801879048348,0.303705930709839,0.096571385860443,0.301899582147598,0.100682877004147,27007
0.050000000745058,2,200,0.318764686584473,0.082414150238037,0.317892044782639,0.082088626921177,0.314876407384872,0.083459734916687,46007
0.050000000745058,2,250,0.285300761461258,0.071031726896763,0.28470167517662,0.072164945304394,0.285564869642258,0.072530411183834,70007
0.050000000745058,2,300,0.260665357112885,0.040912844240666,0.26075753569603,0.0422592908144,0.256104171276093,0.038980565965176,99007
0.050000000745058,2,350,0.305428832769394,0.07854937762022,0.305933177471161,0.080315627157688,0.304232686758041,0.080000914633274,133007
0.050000000745058,2,400,0.306185781955719,0.085574366152287,0.305525869131088,0.085671588778496,0.304390907287598,0.08510372787714,172007
0.050000000745058,2,450,0.325980991125107,0.100978761911392,0.323693841695786,0.100598745048046,0.327145546674728,0.111639246344566,216007
0.050000000745058,2,500,0.319741934537888,0.096033617854118,0.318367511034012,0.096205793321133,0.319518178701401,0.10671429336071,265007
0.050000000745058,3,25,0.727378368377686,0.187367737293243,0.72630512714386,0.187934815883636,0.722569644451141,0.18548683822155,2032
0.050000000745058,3,50,0.521215260028839,0.204436227679253,0.520551919937134,0.204585686326027,0.51898205280304,0.205001384019852,6557
0.050000000745058,3,100,0.336908668279648,0.070351049304009,0.336297512054443,0.069007411599159,0.340210974216461,0.074847169220448,23107
0.050000000745058,3,150,0.47247526049614,0.123858071863651,0.472910612821579,0.126058205962181,0.462730884552002,0.111257538199425,49657
0.050000000745058,3,200,0.477259635925293,0.210257187485695,0.476562410593033,0.208670437335968,0.479198902845383,0.215753644704819,86207
0.050000000745058,3,250,1.48869824409485,3.29753136634827,1.48982608318329,3.30652952194214,1.49517059326172,3.34942936897278,132757
0.050000000745058,3,300,0.443732470273972,0.113616183400154,0.442844867706299,0.114619359374046,0.439014762639999,0.115588426589966,189307
0.050000000745058,3,350,0.81100857257843,0.579479336738586,0.815249383449554,0.580824732780457,0.704172730445862,0.331852793693542,255857
0.050000000745058,3,400,0.629681527614594,0.189545169472694,0.626738429069519,0.186271101236343,0.62750917673111,0.189587011933327,332407
0.050000000745058,3,450,29.7176647186279,91.7687225341797,29.6788883209229,91.6436386108398,29.602014541626,91.3950653076172,418957
0.050000000745058,3,500,1.06936895847321,1.11963891983032,1.06737065315247,1.11883616447449,1.06064188480377,1.1023440361023,515507
0.050000000745058,4,25,0.73982971906662,0.225752487778664,0.739230394363403,0.225866422057152,0.736714839935303,0.226885497570038,2682
0.050000000745058,4,50,0.599405705928803,0.222260728478432,0.599964618682861,0.223473116755486,0.598178565502167,0.227962359786034,9107
0.050000000745058,4,100,0.57381010055542,0.236000895500183,0.573270976543427,0.234866827726364,0.572383522987366,0.237719222903252,33207
0.050000000745058,4,150,0.527519881725311,0.13602340221405,0.526815354824066,0.13628326356411,0.52299702167511,0.140006512403488,72307
0.050000000745058,4,200,3.75445604324341,9.69493961334229,3.75612044334412,9.7035608291626,3.75844192504883,9.70493507385254,126407
0.050000000745058,4,250,29.8459148406982,91.7054748535156,29.8368129730225,91.6744766235352,29.8097534179687,91.5329971313477,195507
0.050000000745058,4,300,58.8892707824707,122.276542663574,58.8751945495606,122.244560241699,58.6871109008789,121.86109161377,279607
0.050000000745058,4,350,145.824920654297,152.830337524414,145.94938659668,152.954071044922,144.397308349609,151.326599121094,378707
0.050000000745058,4,400,87.8685836791992,140.017608642578,87.9704818725586,140.18359375,86.6254119873047,138.039489746094,492807
0.050000000745058,4,450,233.417358398437,120.935966491699,233.606674194336,121.026725769043,232.149932861328,120.221466064453,621907
0.050000000745058,4,500,232.798049926758,122.216850280762,232.982528686523,122.31908416748,231.2275390625,121.407150268555,766007
0.050000000745058,5,25,1.13855254650116,0.42252516746521,1.13820540904999,0.42483913898468,1.14062714576721,0.430870175361633,3332
0.050000000745058,5,50,0.826027691364288,0.167570278048515,0.825512588024139,0.167183920741081,0.820820748806,0.163524433970451,11657
0.050000000745058,5,100,1.60429120063782,1.60540843009949,1.60482108592987,1.60777747631073,1.59562194347382,1.59610497951508,43307
0.050000000745058,5,150,30.5750102996826,91.4954452514649,30.5359859466553,91.3704071044922,30.4615058898926,91.1213912963867,94957
0.050000000745058,5,200,4.28628730773926,11.1176290512085,4.28529405593872,11.1136169433594,4.33958625793457,11.2947149276733,166607
0.050000000745058,5,250,59.339599609375,121.938957214355,59.4662857055664,122.196983337402,58.9519920349121,121.112213134766,258257
0.050000000745058,5,300,174.829574584961,149.670883178711,174.988845825195,149.806716918945,174.593215942383,149.456817626953,369907
0.050000000745058,5,350,149.290084838867,149.461318969727,149.46614074707,149.635238647461,148.51969909668,148.638778686523,501557
0.050000000745058,5,400,232.822189331055,122.155464172363,233.027145385742,122.26342010498,231.517929077148,121.475608825684,653207
0.050000000745058,5,450,232.829376220703,122.162223815918,232.993026733398,122.249282836914,231.365875244141,121.407958984375,824857
0.050000000745058,5,500,233.71711730957,120.262786865234,233.962921142578,120.385971069336,232.709426879883,119.773719787598,1016507
